{"cameraMode":{"drawMode":0,"name":"Shaded","section":"Shading Mode"},"sceneLighting":false,"audioPlay":false,"sceneViewState":{"showFog":true,"showMaterialUpdate":false,"showSkybox":false,"showFlares":true,"showImageEffects":true,"showParticleSystems":true},"in2DMode":false,"pivot":{"x":4.994034767150879,"y":1.2435129880905152,"z":-6.165374279022217},"rotation":{"x":0.005921099800616503,"y":0.9802499413490295,"z":-0.19545309245586396,"w":0.02971203252673149},"size":12.34837532043457,"orthographic":true}