{"cameraMode":{"drawMode":0,"name":"Shaded","section":"Shading Mode"},"sceneLighting":true,"audioPlay":false,"sceneViewState":{"showFog":true,"showMaterialUpdate":false,"showSkybox":true,"showFlares":true,"showImageEffects":true,"showParticleSystems":true},"in2DMode":false,"pivot":{"x":6.383503437042236,"y":-1.5171661376953126,"z":-4.442447662353516},"rotation":{"x":0.24941961467266084,"y":0.27368155121803286,"z":-0.07373808324337006,"w":0.9260165691375732},"size":56.963951110839847,"orthographic":false}