{"cameraMode":{"drawMode":0,"name":"Shaded","section":"Shading Mode"},"sceneLighting":true,"audioPlay":false,"sceneViewState":{"showFog":true,"showMaterialUpdate":false,"showSkybox":true,"showFlares":true,"showImageEffects":true,"showParticleSystems":true},"in2DMode":false,"pivot":{"x":-24.290000915527345,"y":0.0,"z":10.420000076293946},"rotation":{"x":-0.31059595942497256,"y":-0.442802757024765,"z":0.16683369874954225,"w":-0.8244011998176575},"size":38.36240005493164,"orthographic":true}