{"cameraMode":{"drawMode":0,"name":"Shaded","section":"Shading Mode"},"sceneLighting":true,"audioPlay":false,"sceneViewState":{"showFog":true,"showMaterialUpdate":false,"showSkybox":true,"showFlares":true,"showImageEffects":true,"showParticleSystems":true},"in2DMode":false,"pivot":{"x":30.8756103515625,"y":0.8820647597312927,"z":30.811439514160158},"rotation":{"x":-0.011521643958985806,"y":0.819739043712616,"z":-0.5724537372589111,"w":-0.016440996900200845},"size":8.02270221710205,"orthographic":false}