{"cameraMode":{"drawMode":0,"name":"Shaded","section":"Shading Mode"},"sceneLighting":true,"audioPlay":false,"sceneViewState":{"showFog":true,"showMaterialUpdate":false,"showSkybox":true,"showFlares":true,"showImageEffects":true,"showParticleSystems":true},"in2DMode":false,"pivot":{"x":-1.0526984930038453,"y":18.396589279174806,"z":4.22177791595459},"rotation":{"x":-0.20843349397182465,"y":0.7757866382598877,"z":-0.3232613801956177,"w":-0.5002142786979675},"size":72.3966293334961,"orthographic":true}