{"cameraMode":{"drawMode":0,"name":"Shaded","section":"Shading Mode"},"sceneLighting":false,"audioPlay":false,"sceneViewState":{"showFog":true,"showMaterialUpdate":false,"showSkybox":false,"showFlares":true,"showImageEffects":true,"showParticleSystems":true},"in2DMode":false,"pivot":{"x":-0.01490640640258789,"y":0.9903680086135864,"z":0.08999998867511749},"rotation":{"x":-0.3046117126941681,"y":-0.021692408248782159,"z":0.006946363486349583,"w":-0.9522192478179932},"size":1.6031367778778077,"orthographic":false}