{"cameraMode":{"drawMode":0,"name":"Shaded","section":"Shading Mode"},"sceneLighting":true,"audioPlay":false,"sceneViewState":{"showFog":true,"showMaterialUpdate":false,"showSkybox":true,"showFlares":true,"showImageEffects":true,"showParticleSystems":true},"in2DMode":false,"pivot":{"x":7.5755767822265629,"y":0.4658203125,"z":9.075675964355469},"rotation":{"x":-0.06691201031208039,"y":0.9322317838668823,"z":-0.22992146015167237,"w":-0.2712991237640381},"size":91.6943359375,"orthographic":true}