{"cameraMode":{"drawMode":0,"name":"Shaded","section":"Shading Mode"},"sceneLighting":false,"audioPlay":false,"sceneViewState":{"showFog":true,"showMaterialUpdate":false,"showSkybox":false,"showFlares":true,"showImageEffects":true,"showParticleSystems":true},"in2DMode":false,"pivot":{"x":4.265527248382568,"y":2.4431698322296144,"z":-9.619977951049805},"rotation":{"x":0.030044525861740114,"y":0.6441031098365784,"z":-0.025334175676107408,"w":0.7639377117156982},"size":2.2529945373535158,"orthographic":true}