{"cameraMode":{"drawMode":0,"name":"Shaded","section":"Shading Mode"},"sceneLighting":false,"audioPlay":false,"sceneViewState":{"showFog":true,"showMaterialUpdate":false,"showSkybox":false,"showFlares":true,"showImageEffects":true,"showParticleSystems":true},"in2DMode":false,"pivot":{"x":0.0,"y":1.2173446416854859,"z":4.499999523162842},"rotation":{"x":-0.18087062239646913,"y":0.8187886476516724,"z":-0.37186214327812197,"w":-0.39824897050857546},"size":21.807811737060548,"orthographic":true}