{"cameraMode":{"drawMode":0,"name":"Shaded","section":"Shading Mode"},"sceneLighting":true,"audioPlay":false,"sceneViewState":{"showFog":true,"showMaterialUpdate":false,"showSkybox":true,"showFlares":true,"showImageEffects":true,"showParticleSystems":true},"in2DMode":false,"pivot":{"x":-36.209999084472659,"y":0.0,"z":-14.300000190734864},"rotation":{"x":-0.1753058284521103,"y":0.6819507479667664,"z":-0.17362794280052186,"w":-0.6885302066802979},"size":55.445316314697269,"orthographic":true}