{"cameraMode":{"drawMode":0,"name":"Shaded","section":"Shading Mode"},"sceneLighting":true,"audioPlay":false,"sceneViewState":{"showFog":true,"showMaterialUpdate":false,"showSkybox":true,"showFlares":true,"showImageEffects":true,"showParticleSystems":true},"in2DMode":false,"pivot":{"x":-24.290000915527345,"y":0.0,"z":10.420000076293946},"rotation":{"x":-0.4435201585292816,"y":-0.09460723400115967,"z":0.047151025384664538,"w":-0.8900163769721985},"size":13.938980102539063,"orthographic":true}