{"cameraMode":{"drawMode":0,"name":"Shaded","section":"Shading Mode"},"sceneLighting":false,"audioPlay":false,"sceneViewState":{"showFog":true,"showMaterialUpdate":false,"showSkybox":false,"showFlares":true,"showImageEffects":true,"showParticleSystems":true},"in2DMode":false,"pivot":{"x":1.1222238540649415,"y":2.872600555419922,"z":1.7546428442001343},"rotation":{"x":0.18806356191635133,"y":-0.6703073978424072,"z":0.18176598846912385,"w":0.6945446729660034},"size":2.16127347946167,"orthographic":false}