{"cameraMode":{"drawMode":0,"name":"Shaded","section":"Shading Mode"},"sceneLighting":true,"audioPlay":false,"sceneViewState":{"showFog":true,"showMaterialUpdate":false,"showSkybox":true,"showFlares":true,"showImageEffects":true,"showParticleSystems":true},"in2DMode":false,"pivot":{"x":-0.12831607460975648,"y":-15.380053520202637,"z":19.275346755981447},"rotation":{"x":-0.3859080672264099,"y":-0.29661938548088076,"z":0.13257931172847749,"w":-0.8634427785873413},"size":58.463294982910159,"orthographic":true}