{"cameraMode":{"drawMode":0,"name":"Shaded","section":"Shading Mode"},"sceneLighting":true,"audioPlay":false,"sceneViewState":{"showFog":true,"showMaterialUpdate":false,"showSkybox":true,"showFlares":true,"showImageEffects":true,"showParticleSystems":true},"in2DMode":false,"pivot":{"x":-15.732966423034668,"y":-5.542025089263916,"z":12.355230331420899},"rotation":{"x":0.3299032151699066,"y":0.04704675450921059,"z":-0.016302550211548806,"w":0.9427556395530701},"size":55.87345504760742,"orthographic":false}