{"cameraMode":{"drawMode":0,"name":"Shaded","section":"Shading Mode"},"sceneLighting":true,"audioPlay":false,"sceneViewState":{"showFog":true,"showMaterialUpdate":false,"showSkybox":true,"showFlares":true,"showImageEffects":true,"showParticleSystems":true},"in2DMode":false,"pivot":{"x":17.09576416015625,"y":-11.067092895507813,"z":-2.7422783374786379},"rotation":{"x":-0.23595555126667024,"y":-0.6442291140556336,"z":0.2188151478767395,"w":-0.6939277052879334},"size":23.654600143432618,"orthographic":false}