{"cameraMode":{"drawMode":0,"name":"Shaded","section":"Shading Mode"},"sceneLighting":true,"audioPlay":false,"sceneViewState":{"showFog":true,"showMaterialUpdate":false,"showSkybox":true,"showFlares":true,"showImageEffects":true,"showParticleSystems":true},"in2DMode":false,"pivot":{"x":6.337254047393799,"y":4.436038494110107,"z":6.337254524230957},"rotation":{"x":-0.18087062239646913,"y":0.8187886476516724,"z":-0.37186214327812197,"w":-0.39824897050857546},"size":22.0,"orthographic":true}