{"cameraMode":{"drawMode":0,"name":"Shaded","section":"Shading Mode"},"sceneLighting":true,"audioPlay":false,"sceneViewState":{"showFog":true,"showMaterialUpdate":false,"showSkybox":true,"showFlares":true,"showImageEffects":true,"showParticleSystems":true},"in2DMode":false,"pivot":{"x":20.217071533203126,"y":-4.34765625,"z":26.66015625},"rotation":{"x":-0.29918187856674197,"y":-0.15032897889614106,"z":0.047793686389923099,"w":-0.9410803914070129},"size":68.08287811279297,"orthographic":true}