{"cameraMode":{"drawMode":0,"name":"Shaded","section":"Shading Mode"},"sceneLighting":true,"audioPlay":false,"sceneViewState":{"showFog":true,"showMaterialUpdate":false,"showSkybox":true,"showFlares":true,"showImageEffects":true,"showParticleSystems":true},"in2DMode":false,"pivot":{"x":-0.12831607460975648,"y":-15.380053520202637,"z":19.275346755981447},"rotation":{"x":-0.3001142144203186,"y":-0.000861361448187381,"z":0.00027152334223501384,"w":-0.9539138674736023},"size":64.66234588623047,"orthographic":true}