{"cameraMode":{"drawMode":0,"name":"Shaded","section":"Shading Mode"},"sceneLighting":true,"audioPlay":false,"sceneViewState":{"showFog":true,"showMaterialUpdate":false,"showSkybox":true,"showFlares":true,"showImageEffects":true,"showParticleSystems":true},"in2DMode":false,"pivot":{"x":9.591439247131348,"y":-24.026920318603517,"z":5.274127006530762},"rotation":{"x":-0.31160470843315127,"y":-0.537652313709259,"z":0.2231656312942505,"w":-0.7511246800422669},"size":56.39443588256836,"orthographic":false}