{"cameraMode":{"drawMode":0,"name":"Shaded","section":"Shading Mode"},"sceneLighting":false,"audioPlay":false,"sceneViewState":{"showFog":true,"showMaterialUpdate":false,"showSkybox":false,"showFlares":true,"showImageEffects":true,"showParticleSystems":true},"in2DMode":false,"pivot":{"x":0.1894415318965912,"y":1.6578843593597413,"z":0.5342652797698975},"rotation":{"x":-0.08488772064447403,"y":-0.6056445240974426,"z":0.06499435752630234,"w":-0.7886059284210205},"size":1.4387266635894776,"orthographic":false}