{"cameraMode":{"drawMode":0,"name":"Shaded","section":"Shading Mode"},"sceneLighting":false,"audioPlay":false,"sceneViewState":{"showFog":true,"showMaterialUpdate":false,"showSkybox":false,"showFlares":true,"showImageEffects":true,"showParticleSystems":true},"in2DMode":false,"pivot":{"x":4.994034767150879,"y":1.2435129880905152,"z":-6.165374279022217},"rotation":{"x":0.049040600657463077,"y":0.9498814344406128,"z":-0.1938469260931015,"w":0.24032139778137208},"size":7.441267013549805,"orthographic":true}