{"cameraMode":{"drawMode":0,"name":"Shaded","section":"Shading Mode"},"sceneLighting":true,"audioPlay":false,"sceneViewState":{"showFog":true,"showMaterialUpdate":false,"showSkybox":true,"showFlares":true,"showImageEffects":true,"showParticleSystems":true},"in2DMode":false,"pivot":{"x":69.67359924316406,"y":-63.20966720581055,"z":881.9708862304688},"rotation":{"x":0.03326326608657837,"y":0.04944979399442673,"z":-0.001648508245125413,"w":0.9982421398162842},"size":429.4118347167969,"orthographic":false}