{"cameraMode":{"drawMode":0,"name":"Shaded","section":"Shading Mode"},"sceneLighting":true,"audioPlay":false,"sceneViewState":{"showFog":true,"showMaterialUpdate":false,"showSkybox":true,"showFlares":true,"showImageEffects":true,"showParticleSystems":true},"in2DMode":false,"pivot":{"x":2.1202354431152345,"y":-2.2678070068359377,"z":81.93795013427735},"rotation":{"x":0.21590670943260194,"y":0.040992479771375659,"z":-0.009076060727238655,"w":0.9755374789237976},"size":27.34821891784668,"orthographic":false}