{"cameraMode":{"drawMode":0,"name":"Shaded","section":"Shading Mode"},"sceneLighting":true,"audioPlay":false,"sceneViewState":{"showFog":true,"showMaterialUpdate":false,"showSkybox":true,"showFlares":true,"showImageEffects":true,"showParticleSystems":true},"in2DMode":false,"pivot":{"x":56.05531311035156,"y":-37.090370178222659,"z":885.07373046875},"rotation":{"x":0.03326326608657837,"y":0.04944979399442673,"z":-0.001648508245125413,"w":0.9982421398162842},"size":455.9936218261719,"orthographic":false}